name,x,y,z,a,b,c
P2,264.669891,0.007803,622.901001,89.928078,89.001137,89.926323
P3,300.002258,0.004739,500.002991,50.001419,49.999763,90.000488